"Title","WorkoutType","WorkoutDescription","PlannedDuration","PlannedDistanceInMeters","WorkoutDay","CoachComments","DistanceInMeters","PowerAverage","PowerMax","Energy","AthleteComments","TimeTotalInHours","VelocityAverage","VelocityMax","CadenceAverage","CadenceMax","HeartRateAverage","HeartRateMax","TorqueAverage","TorqueMax","IF","TSS","HRZone1Minutes","HRZone2Minutes","HRZone3Minutes","HRZone4Minutes","HRZone5Minutes","HRZone6Minutes","HRZone7Minutes","HRZone8Minutes","HRZone9Minutes","HRZone10Minutes","PWRZone1Minutes","PWRZone2Minutes","PWRZone3Minutes","PWRZone4Minutes","PWRZone5Minutes","PWRZone6Minutes","PWRZone7Minutes","PWRZone8Minutes","PWRZone9Minutes","PWRZone10Minutes","Rpe","Feeling"
"Z2 - לפי דופק","Run","","1.33333333333333","","2026-02-01","","12528.83984375","230","419","1143.699","","1.38244915008545","2.51699995994568","","162","","136","155","","","0.638982729245007","63.03","44","39","1","0","0","0","0","","","","4","0","14","44","3","18","","","","","1","1"
"שחייה - ערב","Swim","","1","","2026-02-01","","2000","","","","","0.734216669400533","0.755001887504719","","24","","124","158","","","0.907997181827785","54.96","38","6","0","0","0","0","0","","","","","","","","","","","","","","2","7"
"Cardio","Other","","","","2026-02-01","","0","","","","","0.916243076324463","0","","","","103","158","","","0.582699088458914","34.39","49","6","1","0","0","0","0","","","","","","","","","","","","","","",""
"שחייה - ערב","Swim","","1","","2026-02-02","","2200","","","","","0.814192224608527","0.746775288526816","","24","","126","151","","","0.900688205031592","59.49","41","8","0","0","0","0","0","","","","","","","","","","","","","","2","1"
"מתפתח 2","Run","","1.5","","2026-02-03","","14084.0703125","244","446","1318.703","","1.50044369697571","2.60700011253357","","165","","144","171","","","0.685619735752171","78.94","42","24","17","7","0","0","0","","","","2","1","1","1","2","84","","","","","3","1"
"Treadmill Running","Run","","","","2026-02-03","","1780","199","451","147.168","","0.205412492156029","2.40700006484985","","133","","139","177","","","0.734021967839636","11.78","6","1","1","3","1","0","0","","","","4","1","0","0","0","7","","","","","1","5"
"רכיבה בסמי עופר מ6-7:30","Bike","","1.5","","2026-02-05","","25056.44921875","","","","","1.16126501560211","5.99399995803833","","","","140","171","","","0.676353778046876","59.08","38","16","11","5","0","0","0","","","","","","","","","","","","","","2","1"
"Cardio","Other","","","","2026-02-05","","0","","","","","0.894152224063873","0","","","","110","179","","","0.61353109166169","37.17","45","3","1","5","0","0","0","","","","","","","","","","","","","","",""
"ריצת נפח + 4טמפו","Run","","1.90805555555556","19000","2026-02-06","","19012.400390625","248","378","1743.009","","1.95338213443756","2.7039999961853","","169","","148","168","","","0.712199686670196","111.61","30","41","37","9","0","0","0","","","","2","0","0","0","0","115","","","","","2","1"
"רכיבת נפח","Bike","","3.25","","2026-02-07","","84404.6171875","","","","","3.34248089790344","7.01399993896484","","","","155","173","","","0.766604267358841","224.25","20","49","65","67","0","0","0","","","","","","","","","","","","","","3","1"
"Run z2 80min","Run","","1.33333333333333","","2026-02-08","","12637.51953125","242","392","1161.126","","1.33383941650391","2.63199996948242","","171","","142","158","","","0.682117473927836","69.25","23","54","3","0","0","0","0","","","","1","0","0","0","0","79","","","","","2","1"
"שחייה - ערב","Swim","","1","","2026-02-09","","2300","","","","","0.830819167561001","0.765645805592543","","25","","130","155","","","0.922784038453681","65.28","34","16","0","0","0","0","0","","","","","","","","","","","","","","1","1"
"TEMPO Z3 4K +6MIN REST","Run","","1.03777777777778","","2026-02-10","","9778.91015625","241","360","895.713","","1.03212869167328","2.63199996948242","","168","","136","164","","","0.668080548848598","51.06","41","3","17","1","0","0","0","","","","1","0","0","0","1","60","","","","","2","1"
"מנוחהה","Day Off","","","","2026-02-11","","","","","","","","","","","","","","","","","","","","","","","","","","","","","","","","","","","","","","",""
"רכיבה בסמי עופר מ6-7:30","Bike","","1.5","","2026-02-12","","25674.689453125","","","","","1.1727283000946","6.08099985122681","","","","140","175","","","0.692122125070772","62.47","32","18","15","6","0","0","0","","","","","","","","","","","","","","2","1"
"שחייה - ערב","Swim","","1","","2026-02-12","","2300","","","","","0.868751390245226","0.733886407147415","","24","","135","170","","","0.88249259255891","59.71","34","13","5","0","0","0","0","","","","","","","","","","","","","","2","1"
"Cardio","Other","","","","2026-02-12","","0","","","","","0.69579029083252","0","","","","121","166","","","0.626755359280331","30.01","31","8","3","0","0","0","0","","","","","","","","","","","","","","",""
"רצף קל + טמפו 20 דק","Run","","1.66666666666667","","2026-02-13","","15782.48046875","245","371","1469.756","","1.66881704330444","2.62700009346008","","170","","142","163","","","0.659953332323551","81.56","56","24","19","1","0","0","0","","","","1","0","0","0","0","99","","","","","1","1"
"רכיבת נפח","Bike","","3.25","","2026-02-14","","","","","","","","","","","","","","","","","","","","","","","","","","","","","","","","","","","","","","",""
"Beehive","Bike","","2.00016666412353","","2026-02-14","","52070.078125","99","167","718.354","","2.00634503364563","7.20900011062622","","63","","131","144","","","0.701530290285823","98.03","118","2","0","0","0","0","0","","","","6","105","10","0","0","0","","","","","",""
"mobility & streching","Other","","","","2026-02-14","","0","","","","","0.925410568714142","0","","1","","78","124","","","0.534942488456547","29.28","56","0","0","0","0","0","0","","","","","","","","","","","","","","",""
"שחייה - ערב","Swim","","1","","2026-02-15","","2550","","","","","0.927835559315152","0.762331838565022","","24","","131","167","","","0.916110609758691","71.34","41","12","2","1","0","0","0","","","","","","","","","","","","","","1","1"
"Run z2 70min","Run","","1.16666666666667","","2026-02-15","","12032.1103515625","240","603","1114.767","","1.29136216640472","2.58800005912781","","169","","141","160","","","0.679021489398674","66.35","29","45","3","0","0","0","0","","","","1","0","0","0","1","75","","","","","1","1"
"Cardio","Other","","","","2026-02-15","","0","","","","","0.892228066921234","0","","","","102","173","","","0.583027292229781","33.5","47","6","1","0","0","0","0","","","","","","","","","","","","","","",""
"שחייה - ערב","Swim","","1","","2026-02-16","","2025","","","","","0.729216944906447","0.763862693323274","","24","","124","169","","","0.925650459324691","57.84","36","5","2","0","0","0","0","","","","","","","","","","","","","","1","1"
"מתפתח 3","Run","","1.5","","2026-02-17","","14038.6904296875","224","478","1225.389","","1.5167533159256","2.57100009918213","","167","","142","170","","","0.688061352639056","80.39","43","21","21","6","0","0","0","","","","1","1","0","0","2","87","","","","","2","1"
"מנוחהה","Day Off","","","","2026-02-17","","","","","","","","","","","","","","","","","","","","","","","","","","","","","","","","","","","","","","",""
"רכיבה בסמי עופר מ6-7:30","Bike","","1.5","","2026-02-19","","28716.05078125","","","","","1.27906966209412","6.23600006103516","","","","139","190","","","0.677576135439468","65.43","43","18","11","4","1","0","1","","","","","","","","","","","","","","1","1"
"Cardio","Other","","","","2026-02-19","","0","","","","","0.843359172344208","0","","","","112","174","","","0.616341650168612","35.34","39","6","4","2","0","0","0","","","","","","","","","","","","","","",""
"Glassy","Bike","Stretch • Sweet Spot 4.7 בטריינר זה עבודה של 4 סטים על 15 דקות שנע בין 75 ל90 אחוז מהסחח. שתי דקות התאוששות פעילה בין לבין.","1.33333333333333","","2026-02-20","","35511.46875","106","194","513.775","","1.33400523662567","7.39499998092651","","71","","133","148","","","0.776884963594549","79.95","58","22","0","0","0","0","0","","","","13","19","45","3","0","0","","","","","",""
"ריצה אחרי טריינר","Run","","0.75","","2026-02-20","","7611.43994140625","254","341","687.449","","0.75070995092392","2.81599998474121","","175","","146","158","","","0.700750503919244","40.54","3","39","4","0","0","0","0","","","","0","0","0","0","0","45","","","","","1","1"
"רכיבת נפח","Bike","","3.25","","2026-02-21","","78329.921875","","","","","3.17650198936462","6.84999990463257","","","","141","165","","","0.673405015666396","164.26","82","71","35","3","0","0","0","","","","","","","","","","","","","","3","1"
"שחייה - ערב","Swim","","1","","2026-02-22","","2150","","","","","0.776052224371168","0.769564474486429","","26","","132","158","","","0.923477369383714","61.12","30","16","1","0","0","0","0","","","","","","","","","","","","","","3","1"
"Run z2 70min","Run","","1.16666666666667","","2026-02-22","","11190.0400390625","241","356","1014.152","","1.16681885719299","2.66400003433228","","170","","142","160","","","0.688503769367617","61.5","23","40","7","0","0","0","0","","","","0","0","0","0","0","69","","","","","2","1"
"Strenght workout","Other","","","","2026-02-22","","0","","","","","0.82499748468399","0","","","","115","170","","","0.616227604492869","34.54","41","4","3","1","0","0","0","","","","","","","","","","","","","","",""
"שחייה - ערב","Swim","","1","","2026-02-23","","2325","","","","","0.827745836046007","0.778633623576691","","25","","121","167","","","0.936277739193513","67.94","43","3","4","0","0","0","0","","","","","","","","","","","","","","2","1"
"מנוחהה","Day Off","","","","2026-02-24","","","","","","","","","","","","","","","","","","","","","","","","","","","","","","","","","","","","","","",""
"Easy 30min Z1-2 + 4x 30 sec Speed runs(Z5)","Run","","0.516666666666667","","2026-02-25","","","","","","","","","","","","","","","","","","","","","","","","","","","","","","","","","","","","","","",""
"שינויי קצב (Z1+Z5)","Run","","1.03333333333333","","2026-02-25","","9076.9697265625","228","505","851.102","","1.03519523143768","2.43600010871887","","165","","137","177","","","0.653530582690806","49.01","47","5","3","5","2","0","0","","","","1","0","0","0","3","57","","","","","2","1"
"מנוחהה","Day Off","","","","2026-02-26","","","","","","","","","","","","","","","","","","","","","","","","","","","","","","","","","","","","","","",""
"21K","Run","","1.86138888888889","21100","2026-02-27","","21315.619140625","300","496","1945.887","","1.80025637149811","3.28900003433228","","178","","166","181","","","0.844118622053731","144.18","0","0","15","86","5","2","0","","","","0","0","0","0","0","108","","","","","3","1"
"חימום","Run","","0.333333333333333","","2026-02-27","","1294.27001953125","189","359","127.707","","0.187185272574425","1.9210000038147","","150","","142","166","","","0.709012267991102","10","5","4","2","1","0","0","0","","","","2","0","0","0","0","8","","","","","1","5"
"רכיבת נפח","Bike","","3.25","","2026-02-28","","34425.80859375","","","","","1.34473550319672","7.11100006103516","","","","142","161","","","0.67014034921519","67.38","32","42","6","0","0","0","0","","","","","","","","","","","","","","1","5"
"Townsend","Bike","DescriptionTownsend consists of 90 minutes of aerobic Endurance riding spent between 60-70% FTP.GoalsAs with all aerobic endurance workouts this workouts goals are to condition your working muscles to utilize fat and preserve sugar stores to improve oxygen delivery to the muscles as well as enhance O2 utilization by those very muscles to increase muscular resistance to fatigue and to improve the integrity of your connective tissues. https://app.trainerday.com/workouts/townsend-18","1.5","","2026-02-28","","37011.28125","87","286","474.746","","1.50239312648773","6.84299993515015","","71","","125","138","","","0.624873479352642","58.14","90","0","0","0","0","0","0","","","","21","68","1","0","0","0","","","","","",""
"Pettit +1","Bike","Achievable • Endurance 4.0 פטיט זה טריינר של שעה אירובית הנעה בסח""ח בין 60 ל70 אחוז. בנוסף שילוב של מספר קטעים קצרים של ספרינטים בסוף.","1","","2026-03-01","","17988.640625","99","174","357.519","","1","4.99499988555908","","84","","138","156","","","0.64180960729407","40.7","39","18","3","0","0","0","0","","","","5","39","15","1","0","0","","","","","",""
"Z2 - לפי דופק","Run","","1.33333333333333","","2026-03-02","","12564.669921875","246","391","1179.129","","1.33326995372772","2.61800003051758","","167","","135","152","","","0.628262580204435","58.72","51","29","0","0","0","0","0","","","","2","0","0","0","0","78","","","","","3","1"
"Beech","Bike","Achievable • Endurance 4.1 בטריינר זה 60 דקות של עבודה אירובית שנעה בין 65 ל75 אחוז מהסחח.","1.00016666412354","","2026-03-03","","16808.779296875","106","183","379.923","","1.00027775764465","4.66699981689453","","78","","140","158","","","0.620539943767988","38.08","22","37","1","0","0","0","0","","","","4","30","25","1","0","0","","","","","",""
"Strength","Strength","","","","2026-03-03","","0","","","","","0.726154744625092","0","","","","96","141","","","0.571638127766827","26.08","44","0","0","0","0","0","0","","","","","","","","","","","","","","",""
"Running","Run","","","","2026-03-03","","6102.60986328125","209","366","589.66","","0.783982217311859","2.16199994087219","","154","","124","155","","","0.620331601219445","33.21","40","7","0","0","0","0","0","","","","2","0","0","1","6","37","","","","","3","1"
"Z2 - לפי דופק","Run","","1.33333333333333","","2026-03-04","","10369.66015625","213","1403","968.688","","1.26395118236542","2.27900004386902","","162","","121","141","","","0.597247971593938","50.21","76","0","0","0","0","0","0","","","","1","1","1","1","4","69","","","","","4","9"
"Abraham","Bike","Productive • Threshold 2.0 אברהם זה טריינר שעובד על 3 סטים של 4 דקות ב105 מהסחח. התאוששות פעילה של 4 דקות.","1","","2026-03-05","","","","","","","","","","","","","","","","","","","","","","","","","","","","","","","","","","","","","","",""
"Active Mobility + Core Stability","Strength","Warm-Up (חימום – 5 דקות) ריצה קלה או חבל קפיצה (אם יש), תנועות דינמיות של ירכיים ופיתולי גוף. 3 סבבים בקצב איטי : Bird dog (בירד דוג – יישור יד ורגל נגדית על שש) https://youtube.com/shorts/mJ9JPdjYmGI?si=kjoPzj5W8UqQx3ec Side plank with leg lift (פלאנק צד עם הרמת רגל) https://youtu.be/cngmwRRKKdk?si=egR5qkUSAneY03kw Glute bridge march (גשר ישבן עם הרמת רגל לסירוגין) https://youtu.be/msfdrPWJ-9o?si=n0i5ESKMbP3wMfdS Dead bug (חרק מת – שכיבה על הגב עם הורדת יד ורגל נגדית) https://youtube.com/shorts/DqLL45uk2Tk?si=F1L3Hl_2cEud_mZs World's Greatest Stretch (מתיחת הלנג' הגדולה בעולם) https://youtube.com/shorts/OCXMbIzYJTQ?si=LgZ0_-5eB4CK3F-b","0.583333333333333","","2026-03-05","","","","","","","0.583333333333333","","","","","","","","","0.74","31.9","","","","","","","","","","","","","","","","","","","","","0","1"
"","Bike","","","","2026-03-05","","25471.26953125","","","","","1.23317170143127","5.73799991607666","","","","136","171","","","0.679999460315237","63.49","44","8","13","9","0","0","0","","","","","","","","","","","","","","1","1"
"Road Cycling","Bike","","","","2026-03-06","","66627.78125","","","","","3.23289775848389","5.72499990463257","","","","146","168","","","0.704622237712935","183.11","56","72","56","10","0","0","0","","","","","","","","","","","","","","3","1"
"TR_Hawk Mountain","Bike","Hawk Mountain is 2 hours of Tempo intervals spent between 70-80% FTP with brief intermittent 1- to 3-minute recoveries.Optional drills include form sprints endurance- spinning intervals some single-leg focus drills and some random pedalstroke work.GoalsHawk Mountains primary aim is to continue building aerobic power while preparing you to branch into harder efforts that will target muscular endurance.Try to keep your cadence above 85rpm unless instructed otherwise.The optional form drills target improvements in pedaling mechanics by focusing on the top bottom quadrants of your pedalstroke improvements in leg speed pedal economy and improvement in the application of power throughout each legs entire pedalstrokeForm Sprints: Practice high-rpm sprint simulations at low power outputs to reinforce proper sprinting technique by jumping out-of-the-saddle and winding up a light gear.As your cadence reaches its controllable peak gracefully transition into the saddle where you can shift gears if necessary.These sprints are only 10 seconds long and are all about leg speed form and technique so experiment with which foot leads and learn how to generate a lot of leg speed in very little time.Endurance Spinning: Practice spinning slightly quicker than your natural self-selected cadence.Ride at a cadence thats at the very top of your comfortable rpm range and remain there extended durations.The goal is to learn to turn the pedals more quickly with less forcemuscle stress thereby improving your ability to remain predominantly aerobic over a wide rpm range.If your HR rises more than a few bpm youre pedaling too quickly - take it easy and stay relaxed but quick.Single-Leg Focus: The objective here is to learn to apply power more effectively through the entire pedalstroke by focusing strictly on one legs activity through the bottom upstroke and over the top of the pedalstroke.For short durations devote your attention to one leg befo https://app.trainerday.com/workouts/tr_hawk-mountain","2","","2026-03-07","","","","","","","","","","","","","","","","","","","","","","","","","","","","","","","","","","","","","","",""
"Easy (Z1-2)","Run","","1.5","","2026-03-07","","14114.3896484375","246","393","1331.264","","1.50001215934753","2.61400008201599","","169","","143","152","","","0.658735862473568","72.84","24","66","0","0","0","0","0","","","","0","0","0","0","0","90","","","","","2","1"
"White -4","Bike","Achievable • Tempo 2.8 טריינר זה עובד על 50 דקות אירוביות בעבודה בין 65 ל75 אחוז מהסחח.","1","","2026-03-08","","17040.140625","112","171","402.396","","1","4.73199987411499","","80","","147","165","","","0.726161846905242","52.43","10","28","21","1","0","0","0","","","","6","11","39","3","0","0","","","","","",""
"Strength","Strength","","","","2026-03-08","","0","","","","","0.862413048744202","0","","","","110","172","","","0.619499868342815","36.53","39","6","5","2","0","0","0","","","","","","","","","","","","","","",""
"Z2 40Min + strides*10 + 5Min z1","Run","strides are controlled 20–30 second accelerations (about 50–100 meters) reaching 85-95% of maximum effort","1.34444444444444","","2026-03-09","","16146.849609375","226","519","1176.17","","1.44446384906769","3.10500001907349","","165","","143","178","","","0.67725541442253","74.07","31","44","6","4","1","0","0","","","","3","2","1","1","2","79","","","","","1","1"
"GEIGER +1 + 13M","Bike","","1.5","","2026-03-10","","24272.44921875","125","211","676.173","","1.5","4.49399995803833","","77","","150","164","","","0.821625810201853","100.86","15","26","47","1","0","0","0","","","","0","27","13","46","4","0","","","","","",""
"Lap Swimming","Swim","","","","2026-03-10","","2425","","","","","0.879426113234626","0.764260951780649","","26","","126","160","","","0.91916003080713","68.29","39","12","2","0","0","0","0","","","","","","","","","","","","","","1","1"
"Strength","Strength","","","","2026-03-11","","0","","","","","0.352155834436417","0","","","","113","142","","","0.599562334019399","13.66","21","0","0","0","0","0","0","","","","","","","","","","","","","","",""
"ERICSSON + 30M","Bike","","1.5","","2026-03-12","","24206.25","115","207","620.693","","1.5","4.48199987411499","","77","","138","159","","","0.77964453380809","90.55","50","32","9","0","0","0","0","","","","2","47","5","32","4","0","","","","","2","1"
"Z2 - לפי דופק + Z5short fast runs30/30","Run","","1.33333333333333","","2026-03-12","","11282.9501953125","214","525","1027.076","","1.33369362354279","2.34999990463257","","157","","144","178","","","0.690139796167964","70.87","38","22","5","11","3","0","0","","","","9","1","1","1","2","66","","","","","3","1"
"Lap Swimming","Swim","","","","2026-03-12","","2300","","","","","0.855037225617303","0.745059928733398","","23","","129","161","","","0.896647120963843","61.64","37","10","4","0","0","0","0","","","","","","","","","","","","","","2","1"
"Strength","Strength","","","","2026-03-12","","0","","","","","0.962086379528046","0","","","","117","189","","","0.631450135253121","42.45","45","3","7","2","0","0","0","","","","","","","","","","","","","","2","1"
"Brick","Run","","0.833333333333333","","2026-03-13","","7408.3798828125","225","340","678.467","","0.838018596172333","2.45600008964539","","172","","137","148","","","0.615140974240036","34.98","42","9","0","0","0","0","0","","","","0","0","0","0","0","50","","","","","3","3"
"Road Cycling","Bike","","","","2026-03-13","","41001.98828125","","","","","1.99746024608612","5.7020001411438","","","","","","","","","","","","","","","","","","","","","","","","","","","","","","",""
"Endurance With 2x20 SweetSpot","Bike","","2.2556666665607","","2026-03-14","","43911.94921875","110","185","893.529","","2.25555562973022","5.40700006484985","","63","","135","154","","","0.726139580626416","118.78","91","43","1","0","0","0","0","","","","6","48","56","25","0","0","","","","","",""
"רכיבת נפח","Bike","אימון נפח","4.5","","2026-03-14","","41001.98828125","","","","","1.99746024608612","5.7020001411438","","","","","","","","","","","","","","","","","","","","","","","","","","","","","","",""
"Run z2","Run","","1","","2026-03-14","","9319.3203125","237","322","854.558","","1.00055730342865","2.58699989318848","","167","","141","164","","","0.687698375943461","52.42","21","36","3","0","0","0","0","","","","0","0","0","0","1","59","","","","","4","1"
"Run z2 70min","Run","","1.16666666666667","","2026-03-15","","","","","","","","","","","","","","","","","","","","","","","","","","","","","","","","","","","","","","",""
"FTP Builder","Bike","","1","","2026-03-15","","20353.609375","115","175","412.56","","1","5.65199995040894","","65","","136","154","","","0.750195705966574","56.05","38","21","0","0","0","0","0","","","","4","19","30","6","1","0","","","","","",""
"Strength","Strength","","","","2026-03-15","","0","","","","","0.788738310337067","0","","","","114","161","","","0.608192666915896","32.12","40","6","1","0","0","0","0","","","","","","","","","","","","","","",""
"Running","Run","","","","2026-03-15","","5461.89013671875","146","381","446.296","","0.847391724586487","1.78999996185303","","115","","131","183","","","0.6658220061035","41.44","30","13","4","2","1","0","0","","","","16","2","1","2","5","24","","","","","1","3"
"Z2 40Min + strides*12","Run","strides are controlled 20–30 second accelerations (about 50–100 meters) reaching 85-95% of maximum effort","1.35","","2026-03-16","","11981.0703125","223","526","1082.75","","1.35034668445587","2.46499991416931","","160","","138","172","","","0.642584762203012","62.22","55","19","3","4","0","0","0","","","","6","1","0","0","1","73","","","","","2","1"
"GCN Strength Ramp Power Indoor Cycling","Bike","75 Minute High Intensity TrainingSeries of low candance intervals.","1.25","","2026-03-17","","26351.470703125","120","237","540.253","","1.25","5.85500001907349","","62","","152","174","","","0.800969891349716","79.58","7","31","23","14","0","0","0","","","","0","40","13","7","12","3","","","","","5","1"
"שחייה באפק בשעה 6:00","Swim","","1","","2026-03-17","","","","","","","","","","","","","","","","","","","","","","","","","","","","","","","","","","","","","","",""
"Mobility","Other","","","","2026-03-17","","0","","","","","1.01352083683014","0","","","","91","126","","","0.553539272772875","34.42","61","0","0","0","0","0","0","","","","","","","","","","","","","","",""
"Z2 - לפי דופק + Z5short fast runs30/30","Run","6+8+10","1.33333333333333","","2026-03-18","","11575.7900390625","215","511","1032.098","","1.33357322216034","2.41100001335144","","158","","148","185","","","0.731794962262092","79.67","32","21","5","11","7","3","0","","","","7","1","0","1","3","68","","","","","3","3"
"שחייה באפק בשעה 6:00","Swim","","1","","2026-03-19","","2200","","","","","0.828808613353305","0.735785953177257","","25","","135","159","","","0.884804189433209","57.41","24","24","2","0","0","0","0","","","","","","","","","","","","","","2","1"
"Townsend","Bike","תיאור: 90 דקות רכיבה אירובית בעצימות של 60-70% מה-FTP. מטרות: שיפור ניצול שומנים ושימור מאגרי סוכר שיפור אספקת החמצן לשרירים וניצולו הגברת עמידות השרירים לעייפות חיזוק רקמות החיבור","1.5","","2026-03-19","","24765.44921875","98","186","528.196","","1.5","4.58500003814697","","70","","134","151","","","0.623707669706064","58.16","65","25","0","0","0","0","0","","","","11","62","17","0","0","0","","","","","1","1"
"Strength","Strength","","","","2026-03-19","","0","","","","","0.876170217990875","0","","","","116","168","","","0.632305102711584","38.67","40","4","6","3","0","0","0","","","","","","","","","","","","","","",""
"שחייה באפק בשעה 6:00","Swim","","1","","2026-03-20","","2375","","","","","0.881350558069017","0.7477959697733","","25","","134","159","","","0.89824265658963","63.87","37","16","1","0","0","0","0","","","","","","","","","","","","","","1","1"
"Brick 90M Z2","Run","","1.5","","2026-03-20","","14459.1298828125","244","611","1320.123","","1.50023329257965","2.67700004577637","","170","","139","159","","","0.624783934807953","65.53","62","26","1","0","0","0","0","","","","0","0","0","0","1","89","","","","","2","1"
"Collywobbles 120 + Sprints","Bike","","2.00000000026491","","2026-03-21","","36768.80078125","104","308","751.453","","2","5.10599994659424","","77","","129","156","","","0.692392591201456","95.68","96","23","0","0","0","0","0","","","","19","49","44","6","0","1","","","","","","1"
"Bald","Bike","Achievable • Endurance 3.1 בטריינר זה 60 דקות עבודה אירובית קלה שנעה בין 65 ל70 אחוז מהסחח.","1","","2026-03-22","","17790.279296875","104","162","372.867","","1","4.94000005722046","","76","","133","147","","","0.656313929916725","42.72","53","7","0","0","0","0","0","","","","3","35","22","0","0","0","","","","","","1"
"Strength","Strength","","","","2026-03-22","","0","","","","","0.644052803516388","0","","","","127","173","","","0.672649693506173","31.92","24","5","4","6","0","0","0","","","","","","","","","","","","","","",""
"Z2 - לפי דופק","Run","","1.33333333333333","","2026-03-23","","12282.6298828125","235","437","1126.964","","1.3332085609436","2.55900001525879","","169","","137","155","","","0.636704267604522","60.27","45","34","1","0","0","0","0","","","","0","0","0","0","1","79","","","","","2","1"
"שחייה","Swim","","1","","2026-03-23","","2250","","","","","0.824838057623969","0.755287009063444","","26","","131","167","","","0.909269393025404","62.01","32","11","5","2","0","0","0","","","","","","","","","","","","","","2","1"
"שחייה סבולת מהירות","Swim","400 חימום 8X50 תרגילי טכניקה מרכזי X8 100 Z3 מנוחה 25 שניות 200 Z1 מנוחה 15 שניות + פולי 500 כפות ופולי Z1-2 100 שחרור","1","3600","2026-03-24","","","","","","","","","","","","","","","","","","","","","","","","","","","","","","","","","","","","","","",""
"Adventure Seeker #2","Bike","A long endurance ride focused on exploration riding new routes and enjoying the adventure often with less emphasis on strict power targets.","1.00555555555556","","2026-03-24","","16777.69921875","103","160","374.43","","1.00555551052094","4.63299989700317","","70","","126","145","","","0.667214153938226","44.51","58","3","0","0","0","0","0","","","","11","16","32","1","0","0","","","","","",""
"Z2 - לפי דופק","Run","","1.33333333333333","","2026-03-25","","","","","","","","","","","","","","","","","","","","","","","","","","","","","","","","","","","","","","",""
"Bashful -1 - 50% + Z2","Bike","Stretch • VO2 Max 3.7","1","","2026-03-26","","16956.19921875","105","315","378.056","","1","4.70900011062622","","72","","138","173","","","0.756691337133681","56.76","26","28","2","4","0","0","0","","","","24","23","8","0","2","4","","","","","",""
"Lap Swimming","Swim","","","","2026-03-26","","2700","","","","","0.972498337427775","0.76988879384089","","26","","135","185","","","0.925451453603992","77.08","35","12","11","0","0","0","1","","","","","","","","","","","","","","2","1"
"Strength","Strength","","","","2026-03-26","","0","","","","","0.933162212371826","0","","","","124","176","","","0.653383962549877","44.05","42","2","4","8","1","0","0","","","","","","","","","","","","","","",""
"שחייה 6 בבוקר באפק","Swim","","1","","2026-03-27","","2600","","","","","0.953213893572489","0.756914119359534","","27","","141","159","","","0.909204820146444","71.64","19","28","10","0","0","0","0","","","","","","","","","","","","","","3","1"
"Run z2 95min","Run","","1.58333333333333","","2026-03-27","","14786.419921875","228","325","1298.868","","1.58377230167389","2.59299993515015","","170","","135","156","","","0.609598014614632","65.96","83","12","0","0","0","0","0","","","","0","0","0","0","3","92","","","","","2","5"
"Sucia Island - 30M","Bike","Stretch • Endurance 7.1 עבודה אירובית שנעה בין 60 ל80 אחוז","2.25","","2026-03-28","","35874.890625","114","166","920.953","","2.25","4.42799997329712","","75","","128","147","","","0.724081897113054","117.69","130","5","0","0","0","0","0","","","","11","79","44","0","0","0","","","","","",""
"Active Recovery","Bike","An easy recovery session using low-impact cross-training (e.g. swimming walking) to promote blood flow and active recovery without stressing cycling muscles.","1","","2026-03-29","","16491.44921875","91","164","328.228","","1","4.57999992370605","","70","","122","145","","","0.602689057807831","35.87","60","0","0","0","0","0","0","","","","31","27","2","0","0","0","","","","","",""
"שינויי קצב בסיס Z1-Z2-Z5","Run","","1.33333333333333","","2026-03-30","","11657.58984375","232","531","1116.495","","1.33413219451904","2.42700004577637","","165","","140","167","","","0.660165436450035","64.88","44","26","7","3","0","0","0","","","","0","0","0","4","24","52","","","","","2","1"
"Strength","Strength","","","","2026-03-30","","0","","","","","0.252325564622879","0","","","","99","148","","","0.580550583113187","9.1","15","0","0","0","0","0","0","","","","","","","","","","","","","","",""
"Strength","Strength","","","","2026-03-30","","0","","","","","0.954538285732269","0","","","","120","177","","","0.647839025301804","44.32","43","3","3","7","1","0","0","","","","","","","","","","","","","","",""
"Beech","Bike","Achievable • Endurance 4.1 בטריינר זה 60 דקות של עבודה אירובית שנעה בין 65 ל75 אחוז מהסחח.","1.00016666412354","","2026-03-31","","16677.419921875","115","156","414.763","","1.00027775764465","4.63000011444092","","71","","141","154","","","0.677824477090611","45.48","22","38","0","0","0","0","0","","","","7","47","6","0","0","0","","","","","",""
"שחייה 6 בבוקר באפק","Swim","","1","","2026-03-31","","2450","","","","","0.900406390825907","0.753382533825338","","24","","129","155","","","0.906997856731748","67.18","40","14","0","0","0","0","0","","","","","","","","","","","","","","1","1"
"April power set","Other","1. ג'אינט סטפס 2.סקווט 3. פלאנק רגיל 4.full seat בטן - עליות בטן משכיבה לישיבה 5. בטן אלכסונים אולר כל פם רגל אחרת נפגשת עם יד אחרת 6. single leg side kick - ניאות קטנות","0.266666666666667","","2026-04-01","","","","","","","","","","","","","","","","","","","","","","","","","","","","","","","","","","","","","","",""
"Fartlek 300mt + 75sec rest X8","Run","","1.16888888888889","11266","2026-04-01","","11190.2197265625","245","490","991.073","","1.12308192253113","2.76799988746643","","171","","148","179","","","0.722898581834895","65.2","30","13","8","9","7","0","0","","","","0","0","0","1","11","56","","","","","2","1"
"Collins +1","Bike","Achievable • Endurance 5.7 טריינר זה מתפרש על גבי שעה ורבע של עבודה אירובית עם מקטעים קצרים של ספרינטים לקראת סיום הרכיבה.","1.25016666412354","","2026-04-02","","19972.029296875","117","326","527.099","","1.25027775764465","4.43599987030029","","75","","143","168","","","0.713652755178201","63.03","23","36","15","2","0","0","0","","","","10","59","5","0","0","1","","","","","",""
"Run z2 110min","Run","","1.83333333333333","","2026-04-03","","17500","258","399","1701.812","","1.83459055423737","2.6496981028728","","174","","142","161","","","0.653754110271584","88.21","36","72","3","0","0","0","0","","","","0","0","0","0","4","105","","","","","2","1"
"שחייה אימון נפח אירובי","Swim","400 חימום 400 רק פולי 6X400 Z2-3 מלא מנוחות 40 שניות 100 שחרור","1","3200","2026-04-03","","2975","","","","","0.938806115786235","0.880255118701269","","26","","137","167","","","1.05630614244152","110.65","27","21","7","1","0","0","0","","","","","","","","","","","","","","3","1"
"רכיבת נגש - נפח","Bike","שעה חימום סט מרכזי *4 2 דק 85% 1 דקה 110% 3 דקות 65 % על הסט הזה חוזרים 5 פעמים אחרי הסט 6 דקות זון2 75% על הסידרה הזאת חוזרים 4 פעמים משלימים 3 עד 3.5 שעות בזון2","3.5","","2026-04-04","","81700","","","","","3.31555555555556","6.84483914209115","","","","","","","","","","","","","","","","","","","","","","","","","","","","","","",""
"April power set","Other","סרטון הדגמה https://www.tiktok.com/@dan.kony/video/7487824936149470471?is_from_webapp=1&sender_device=pc https://youtube.com/shorts/PilJwR00njg יוטיוב סט חיזוקים לחודש אפריל תרגילים 1. לאנץ + הרמת עקב ברגל הקידמית 2. סקווט ולאנץ לסירוגין 3. פלאנק על הצד על ניאות אגן 4. בטן - עליות קטנות נישארים רק למעלה 5. בטן אופניים 6. בריג' רחוק עקבים על הריצפה","0.266666666666667","","2026-04-06","","","","","","","","","","","","","","","","","","","","","","","","","","","","","","","","","","","","","","",""
"Andrews","Bike","TrainerRoad - Andrews Achievable • Endurance 5.4 אנדרוס זה טריינר אירובי של 90 דקות הנע בין 65-75 אחוז מהסח""ח.","1.50016666412354","","2026-04-07","","22469.05078125","119","197","640.275","","1.50027775764465","4.15899991989136","","71","","139","150","","","0.694379067016001","71.87","45","45","0","0","0","0","0","","","","7","75","8","0","0","0","","","","","",""
"שינויי קצב בסיס Z1-Z2-Z5 X10","Run","","1.36666666666667","","2026-04-07","","12030.240234375","226","444","1114.745","","1.36784696578979","2.44300007820129","","168","","145","175","","","0.695991455648994","73.96","31","31","11","9","0","0","0","","","","0","0","0","6","35","41","","","","","3","5"
"Strength","Strength","","","","2026-04-07","","0","","","","","0.846524477005005","0","","","","126","177","","","0.637990007512992","38","39","7","4","0","0","0","0","","","","","","","","","","","","","","",""
"ריצה ארוכה","Run","ריצה ארוכה ורציפה באזור Z2, הגברת סבולת בסיסית","1.75","","2026-04-08","","14402.91015625","235","1002","1482.77","","1.7503969669342","2.28600001335144","","174","","144","159","","","0.679534873043682","90.79","13","88","4","0","0","0","0","","","","0","1","10","4","4","87","","","","","3","3"
"Running","Run","","","","2026-04-08","","5135.89990234375","152","449","446.887","","0.814566910266876","1.75100004673004","","113","","123","158","","","0.6230808448812","34.86","39","7","2","0","0","0","0","","","","19","2","0","3","6","20","","","","","1","1"
"שחייה 6 בבוקר באפק","Swim","","1","","2026-04-09","","2225","","","","","0.827616114086575","0.744645247657296","","24","","121","153","","","0.896148170683253","59.56","44","5","0","0","0","0","0","","","","","","","","","","","","","","1","3"
"שחייה בכנרת","Swim","","0.666666666666667","","2026-04-10","","1235.35998535156","","","","","0.57448023557663","0.597000002861023","","27","","146","157","","","0.716798657782416","21.16","3","26","5","0","0","0","0","","","","","","","","","","","","","","4","3"
"רכיבה","Bike","60 דקות חימום סט מרכזי X10 4 קל 3 חזק 2 קל 1 חזק 20 דקות קל","3","","2026-04-10","","84034.0390625","","","","","3.36768579483032","6.93100023269653","","","","142","163","","","0.660548222508865","167.78","100","67","34","0","0","0","0","","","","","","","","","","","","","","",""
"Run z1 60min","Run","","1","","2026-04-10","","15394.599609375","225","417","812.329","","1.00074028968811","4.27299976348877","","168","","140","151","","","0.643664514622825","45.94","28","32","0","0","0","0","0","","","","0","0","0","3","16","40","","","","","4","1"
"רכיבת נפח קבוצתית","Bike","","3.5","","2026-04-11","","84677.609375","","","","","4.00439023971558","5.87400007247925","","","","132","159","","","0.640855664345593","188.62","145","71","25","0","0","0","0","","","","","","","","","","","","","","",""
"Strength","Strength","","","","2026-04-12","","0","","","","","0.834892809391022","0","","","","106","154","","","0.56133235837661","29.02","49","1","0","0","0","0","0","","","","","","","","","","","","","","",""
"Lap Swimming","Swim","","","","2026-04-12","","2125","","","","","0.817961390813192","0.720338983050847","","22","","120","142","","","0.865974043871594","53.12","49","1","0","0","0","0","0","","","","","","","","","","","","","","3","7"
"שינויי קצב בסיס Z1-Z2-Z5 X10","Run","","1.36666666666667","","2026-04-13","","10823","234","3108","1159.166","","1.36695921421051","2.19899988174438","","164","","140","181","","","0.656105408918458","65.68","48","25","7","2","0","0","0","","","","0","0","2","8","21","51","","","","","2","1"
"שחייה בוקר אפק","Swim","","1","","2026-04-14","","2600","","","","","0.982983892228868","0.733220530174845","","23","","134","171","","","0.88166924556774","67.37","40","13","5","2","0","0","0","","","","","","","","","","","","","","2","1"
"Black","Bike","TrainerRoad - Black Achievable • Endurance 4.3 בלאק זה שעה של אירובי שנע בין 50-80 אחוז מהסח""ח.","1","","2026-04-14","","15055.830078125","114","182","411.508","","1","4.18300008773804","","70","","141","159","","","0.679634113783751","45.98","19","38","3","0","0","0","0","","","","8","45","7","0","0","0","","","","","",""
"Carillon","Bike","TrainerRoad - Carillon Productive • Sweet Spot 4.4 קרילון מורכב משתי סטים של 10 דקות עבודה, פעמיים. כל העבודה בין 88 ל95 אחוז מהסח""ח. התאוששות של דקה בין אינטרוולים ו5 דקות בין סטים.","1","","2026-04-15","","","","","","","","","","","","","","","","","","","","","","","","","","","","","","","","","","","","","","",""
"Brick","Run","","0.5","","2026-04-15","","","","","","","","","","","","","","","","","","","","","","","","","","","","","","","","","","","","","","",""
